模型,数据集,指标,子集,数量,得分,类别
kimi-k3,ceval,mean_acc,modern_chinese_history,5,0.8000,Humanities
kimi-k3,ceval,mean_acc,ideological_and_moral_cultivation,5,1.0000,Humanities
kimi-k3,ceval,mean_acc,logic,5,1.0000,Humanities
kimi-k3,ceval,mean_acc,law,5,1.0000,Humanities
kimi-k3,ceval,mean_acc,chinese_language_and_literature,5,0.8000,Humanities
kimi-k3,ceval,mean_acc,art_studies,5,1.0000,Humanities
kimi-k3,ceval,mean_acc,professional_tour_guide,5,1.0000,Humanities
kimi-k3,ceval,mean_acc,legal_professional,5,0.8000,Humanities
kimi-k3,ceval,mean_acc,high_school_chinese,5,0.8000,Humanities
kimi-k3,ceval,mean_acc,high_school_history,5,1.0000,Humanities
kimi-k3,ceval,mean_acc,middle_school_history,5,1.0000,Humanities
kimi-k3,ceval,mean_acc,civil_servant,5,1.0000,Other
kimi-k3,ceval,mean_acc,sports_science,5,1.0000,Other
kimi-k3,ceval,mean_acc,plant_protection,5,1.0000,Other
kimi-k3,ceval,mean_acc,basic_medicine,5,1.0000,Other
kimi-k3,ceval,mean_acc,clinical_medicine,5,1.0000,Other
kimi-k3,ceval,mean_acc,urban_and_rural_planner,5,1.0000,Other
kimi-k3,ceval,mean_acc,accountant,5,1.0000,Other
kimi-k3,ceval,mean_acc,fire_engineer,5,1.0000,Other
kimi-k3,ceval,mean_acc,environmental_impact_assessment_engineer,5,1.0000,Other
kimi-k3,ceval,mean_acc,tax_accountant,5,1.0000,Other
kimi-k3,ceval,mean_acc,physician,5,1.0000,Other
kimi-k3,ceval,mean_acc,computer_network,5,1.0000,STEM
kimi-k3,ceval,mean_acc,operating_system,5,0.8000,STEM
kimi-k3,ceval,mean_acc,computer_architecture,5,1.0000,STEM
kimi-k3,ceval,mean_acc,college_programming,5,1.0000,STEM
kimi-k3,ceval,mean_acc,college_physics,5,1.0000,STEM
kimi-k3,ceval,mean_acc,college_chemistry,5,1.0000,STEM
kimi-k3,ceval,mean_acc,advanced_mathematics,5,1.0000,STEM
kimi-k3,ceval,mean_acc,probability_and_statistics,5,0.8000,STEM
kimi-k3,ceval,mean_acc,discrete_mathematics,5,0.8000,STEM
kimi-k3,ceval,mean_acc,electrical_engineer,5,1.0000,STEM
kimi-k3,ceval,mean_acc,metrology_engineer,5,1.0000,STEM
kimi-k3,ceval,mean_acc,high_school_mathematics,5,1.0000,STEM
kimi-k3,ceval,mean_acc,high_school_physics,5,1.0000,STEM
kimi-k3,ceval,mean_acc,high_school_chemistry,5,1.0000,STEM
kimi-k3,ceval,mean_acc,high_school_biology,5,1.0000,STEM
kimi-k3,ceval,mean_acc,middle_school_mathematics,5,1.0000,STEM
kimi-k3,ceval,mean_acc,middle_school_biology,5,0.8000,STEM
kimi-k3,ceval,mean_acc,middle_school_physics,5,1.0000,STEM
kimi-k3,ceval,mean_acc,middle_school_chemistry,5,1.0000,STEM
kimi-k3,ceval,mean_acc,veterinary_medicine,5,1.0000,STEM
kimi-k3,ceval,mean_acc,college_economics,5,0.8000,Social Science
kimi-k3,ceval,mean_acc,business_administration,5,0.8000,Social Science
kimi-k3,ceval,mean_acc,marxism,5,1.0000,Social Science
kimi-k3,ceval,mean_acc,mao_zedong_thought,5,1.0000,Social Science
kimi-k3,ceval,mean_acc,education_science,5,0.8000,Social Science
kimi-k3,ceval,mean_acc,teacher_qualification,5,1.0000,Social Science
kimi-k3,ceval,mean_acc,high_school_politics,5,1.0000,Social Science
kimi-k3,ceval,mean_acc,high_school_geography,5,1.0000,Social Science
kimi-k3,ceval,mean_acc,middle_school_politics,5,1.0000,Social Science
kimi-k3,ceval,mean_acc,middle_school_geography,5,1.0000,Social Science
kimi-k3,math_vista,mean_acc,default,5,1.0000,default
kimi-k3,mmlu,mean_acc,formal_logic,5,1.0000,Humanities
kimi-k3,mmlu,mean_acc,high_school_european_history,5,1.0000,Humanities
kimi-k3,mmlu,mean_acc,high_school_us_history,5,1.0000,Humanities
kimi-k3,mmlu,mean_acc,high_school_world_history,5,1.0000,Humanities
kimi-k3,mmlu,mean_acc,international_law,5,1.0000,Humanities
kimi-k3,mmlu,mean_acc,jurisprudence,5,0.8000,Humanities
kimi-k3,mmlu,mean_acc,logical_fallacies,5,1.0000,Humanities
kimi-k3,mmlu,mean_acc,moral_disputes,5,0.8000,Humanities
kimi-k3,mmlu,mean_acc,moral_scenarios,4,1.0000,Humanities
kimi-k3,mmlu,mean_acc,philosophy,5,1.0000,Humanities
kimi-k3,mmlu,mean_acc,prehistory,5,0.8000,Humanities
kimi-k3,mmlu,mean_acc,professional_law,5,1.0000,Humanities
kimi-k3,mmlu,mean_acc,world_religions,5,1.0000,Humanities
kimi-k3,mmlu,mean_acc,anatomy,5,1.0000,Other
kimi-k3,mmlu,mean_acc,business_ethics,5,1.0000,Other
kimi-k3,mmlu,mean_acc,clinical_knowledge,5,1.0000,Other
kimi-k3,mmlu,mean_acc,college_medicine,5,1.0000,Other
kimi-k3,mmlu,mean_acc,global_facts,5,0.8000,Other
kimi-k3,mmlu,mean_acc,human_aging,5,1.0000,Other
kimi-k3,mmlu,mean_acc,management,5,1.0000,Other
kimi-k3,mmlu,mean_acc,marketing,5,0.8000,Other
kimi-k3,mmlu,mean_acc,medical_genetics,5,1.0000,Other
kimi-k3,mmlu,mean_acc,miscellaneous,5,1.0000,Other
kimi-k3,mmlu,mean_acc,nutrition,5,1.0000,Other
kimi-k3,mmlu,mean_acc,professional_accounting,5,1.0000,Other
kimi-k3,mmlu,mean_acc,professional_medicine,5,1.0000,Other
kimi-k3,mmlu,mean_acc,virology,5,0.6000,Other
kimi-k3,mmlu,mean_acc,abstract_algebra,5,1.0000,STEM
kimi-k3,mmlu,mean_acc,astronomy,5,0.8000,STEM
kimi-k3,mmlu,mean_acc,college_biology,5,1.0000,STEM
kimi-k3,mmlu,mean_acc,college_chemistry,5,1.0000,STEM
kimi-k3,mmlu,mean_acc,college_computer_science,5,1.0000,STEM
kimi-k3,mmlu,mean_acc,college_mathematics,5,1.0000,STEM
kimi-k3,mmlu,mean_acc,college_physics,5,1.0000,STEM
kimi-k3,mmlu,mean_acc,computer_security,5,1.0000,STEM
kimi-k3,mmlu,mean_acc,conceptual_physics,5,1.0000,STEM
kimi-k3,mmlu,mean_acc,electrical_engineering,5,1.0000,STEM
kimi-k3,mmlu,mean_acc,elementary_mathematics,5,1.0000,STEM
kimi-k3,mmlu,mean_acc,high_school_biology,5,1.0000,STEM
kimi-k3,mmlu,mean_acc,high_school_chemistry,5,1.0000,STEM
kimi-k3,mmlu,mean_acc,high_school_computer_science,5,1.0000,STEM
kimi-k3,mmlu,mean_acc,high_school_mathematics,5,1.0000,STEM
kimi-k3,mmlu,mean_acc,high_school_physics,5,1.0000,STEM
kimi-k3,mmlu,mean_acc,high_school_statistics,5,1.0000,STEM
kimi-k3,mmlu,mean_acc,machine_learning,5,1.0000,STEM
kimi-k3,mmlu,mean_acc,econometrics,5,1.0000,Social Science
kimi-k3,mmlu,mean_acc,high_school_geography,5,0.8000,Social Science
kimi-k3,mmlu,mean_acc,high_school_government_and_politics,5,1.0000,Social Science
kimi-k3,mmlu,mean_acc,high_school_macroeconomics,5,1.0000,Social Science
kimi-k3,mmlu,mean_acc,high_school_microeconomics,5,1.0000,Social Science
kimi-k3,mmlu,mean_acc,high_school_psychology,5,1.0000,Social Science
kimi-k3,mmlu,mean_acc,human_sexuality,5,0.8000,Social Science
kimi-k3,mmlu,mean_acc,professional_psychology,5,1.0000,Social Science
kimi-k3,mmlu,mean_acc,public_relations,5,1.0000,Social Science
kimi-k3,mmlu,mean_acc,security_studies,5,0.8000,Social Science
kimi-k3,mmlu,mean_acc,sociology,5,1.0000,Social Science
kimi-k3,mmlu,mean_acc,us_foreign_policy,4,1.0000,Social Science